﻿<?xml version="1.0" encoding="UTF-8"?>
<!DOCTYPE beans PUBLIC "-//SPRING//DTD BEAN//EN"    
    "http://www.springframework.org/dtd/spring-beans.dtd">

<beans>
	<bean id="geolocation" class="cn.edu.njust.webai.bean.XmlProject">
		<property name="name" value="geolocation" />
		<property name="summary" value="geolocation" />
		<property name="scale" value="0" />
		<property name="lang" value="Js" />
		<property name="scene" value="2D" />
		<property name="menuItems">
			<map>
				<entry key="geolocation" value="geolocation" />
			</map>
		</property>
	</bean>
</beans>