﻿<?xml version="1.0" encoding="UTF-8"?>
<!DOCTYPE beans PUBLIC "-//SPRING//DTD BEAN//EN"    
    "http://www.springframework.org/dtd/spring-beans.dtd">

<beans>
	<bean id="FruitNIJI" class="cn.edu.njust.webai.bean.XmlProject">
		<property name="name" value="FruitNIJI" />
		<property name="summary" value="A game" />
		<property name="scale" value="1" />
		<property name="lang" value="Js" />
		<property name="scene" value="2D" />
		<property name="menuItems">
			<map>
				<entry key="index" value="Play Games" />
			</map>
		</property>
	</bean>
</beans>
